{
  "link-class": "link link--style1__larrow",
  "link-url": "http://www.transamerica.com",
  "link-text": "My Transamerica Products",
  "headerMenuVisible": false,
  "menus": [
    {"glyph": "glyphicon-envelope", "ddMessage" : "Message"},
    {"glyph": "glyphicon-user", "ddMessage" : "My Profile"}
  ],
  "breadcrumbs" : [
    {"class" : "", "data" : "Select Account"}
  ],
  "title": "Select An Account",
  "bodyClass": "select",
  "emergency": false,
  "primary_menu" : false,
  "util_menu": {
		"menu_direction": "vertical",
		"menu_items": [
			{
				"icon": "glyphicon glyphicon-question-sign trs-icons-question",
				"text": "Help",
				"url": "javascript:void(0);"
			},
			{
				"icon": "glyphicon glyphicon-phone-alt trs-icons-phone-ring",
				"text": "Contact Us",
				"url": "tel:18007555801",
				"second_line_class": "trs-utility--light",
				"second_line_text": "1-800-755-5801"
			}
		]
	},


  "COMMENT": "----------------------------- START SELECT AN ACCOUNT BODY WHICH IS IN organisms-global-010-body---------------------------",
  "isSelectAccount": true,
  "tables": [
    {
      "tbl_title": "DEFINED CONTRIBUTION",
      "tbl_class": "table table-inline tbl-mobile",
	    "tbl_id" : "defined-contribution",
      "h_th": [
        {"value": "Plan Name"},
        {"value": "Plan Number"},
        {"th_class": "text-right","value": "Plan Balance"},
        {"value": ""}
      ],
	  "f_th":[
        	{"value": "Total DC Balance"},
        	{"value": ""},
        	{"th_class": "text-right","value": "$400,000.20"},
        	{"value": ""}
      ],
      "tr": [
        {
          "tr_class": "tbl-td-noborder click-action",
    		  "tr_link": true,
    		  "tr_url": "document.location='test.html'",
          "td": [
            {"td_class" : "", "data_title" : "", "value": "401 (k) Plan for the Employees Even Longer Line 2 "},
            {"data_title" : "Plan Number:", "value": "QA99999 00001"},
            {"data_title" : "Plan Balance:", "td_class": "text-right","value": "$200,000.20"},
            {"td_class": "text-right tbl-mobile-hide", "value": "<a role='button' href='javascript:void(0);' class='sr-only'>Access this plan</a><button type=\"button\" class=\"btn btn-primary btn-short\" aria-hidden=\"true\">VIEW</button>"}
          ]
        },
        {
          "tr_class": "tbl-td-noborder click-action",
		  "tr_link": true,
		  "tr_url": "document.location='test.html'",
          "td": [
            {"td_class" : "", "data_title" : "", "value": "401 (k) Plan for the Employees Even Longer Line 2 "},
            {"data_title" : "Plan Number:", "value": "QA99999 00001"},
            {"data_title" : "Plan Balance:", "td_class": "text-right","value": "$200,000.20"},
            {"td_class": "text-right tbl-mobile-hide", "value": "<a role='button' href='javascript:void(0);' class='sr-only'>Access this plan</a><button type=\"button\" class=\"btn btn-primary btn-short\" aria-hidden=\"true\">VIEW</button>"}
          ]
        },
        {
          "tr_class": "tbl-td-noborder",
      "tr_link": true,
      "tr_url": "document.location='test.html'",
          "td": [
            {"td_class" : "", "data_title" : "", "value": "401 (k) Plan for the Employees Even Longer Line 3 "},
            {"data_title" : "Plan Number:", "value": "QA99990 00002"},
            {"data_title" : "Plan Plan Balance:", "td_class": "text-right","value": "Unavailable"},
            {"td_class": "text-right tbl-mobile-hide", "value": "<a role='button' href='javascript:void(0);' class='sr-only'>Access this plan</a>"}
          ]
        }
      ]
    },
    {
      "tbl_title": "DEFINED BENEFIT",
      "tbl_class": "table table-inline tbl-mobile",
	    "tbl_id" : "defined-benefit",
      "h_th": [
        {"th_class" : "tbl_nowrap", "value": "Plan Name"},
        {"th_class" : "tbl_nowrap", "value": "Plan Number"},
        {"th_class": "text-right tbl_nowrap", "value": ""},
        {"th_class": "text-right tbl_nowrap", "value": ""}
      ],
      "f_th":[
          {"value": "Total Benefits"},
          {"value": ""},
          {"th_class": "text-right","value": "$166,000.00"},
          {"th_class": "text-right","value": "$166,000.00"}
      ],
      "tr": [
        {
          "tr_class": "tbl-td-noborder",
    		  "tr_link": true,
    		  "tr_url": "document.location='test.html'",
          "td": [
                {"td_class" : "tbl_nowrap tbl-td-noborder__top", "data_title" : "", "value": "Nintendo of America Inc, DB Ret. Plan"},
                {"td_class" : "tbl_nowrap tbl-td-noborder__top", "data_title" : "Plan Number:", "value": "GQ71972JW DB1"},
                {"td_class" : "tbl-td-noborder__top text-right hide-in-mobile", "data_title" : "", "value": ""},
                {"td_class" : "text-right tbl-mobile-hide", "value": "<a role='button' href='javascript:void(0);' class='sr-only'>Access this plan</a><button type=\"button\" class=\"btn btn-primary btn-short\" aria-hidden=\"true\">VIEW</button>"}
              ]
        },

        {
          "tr_class": "tbl-td-noborder hide-in-mobile",
          "tr_link": true,
          "tr_url": "document.location='test.html'",
          "td": [
                {"td_class" : "", "data_title" : "", "value": ""},
                {"td_class" : "", "data_title" : "Benefit Type:", "value": "<b>Benefit Type:</b>"},
                {"td_class" : "text-right", "data_title" : "Vested:", "value": "<b>Vested</b>"},
                {"td_class" : "text-right", "data_title" : "Accrued:", "value": "<b>Accrued</b>"}
              ]
        },
        {
          "tr_class": "tbl-td-noborder",
          "tr_link": true,
          "tr_url": "document.location='test.html'",
          "td": [
                {"td_class" : "tbl-td-noborder__none hide-in-mobile", "data_title" : "", "value": ""},
                {"td_class" : "tbl-td-noborder__none", "data_title" : "Benefit Type:", "value": "Nintendo Defined Benefit Retirement Plan"},
                {"td_class" : "tbl-td-noborder__none text-right", "data_title" : "Vested:", "value": "$150,000.00"},
                {"td_class" : "tbl-td-noborder__none text-right", "data_title" : "Accrued:", "value": "$150,000.00"}
              ]
        },
        {
          "tr_class": "tbl-td-noborder",
          "tr_link": true,
          "tr_url": "document.location='test.html'",
          "td": [
                {"td_class" : "tbl-td-noborder__none hide-in-mobile", "data_title" : "", "value": ""},
                {"td_class" : "tbl-td-noborder__none", "data_title" : "Benefit Type:", "value": "Nintendo Supplemental Retirement Plan"},
                {"td_class" : "tbl-td-noborder__none text-right", "data_title" : "Vested:", "value": "$1,000.00"},
                {"td_class" : "tbl-td-noborder__none text-right", "data_title" : "Accrued:","value": "$1,000.00"}
              ]
        },

        {
          "tr_class": "tbl-td-noborder",
          "tr_link": true,
          "tr_url": "document.location='test.html'",
          "td": [
                {"td_class" : "tbl_nowrap tbl-td-noborder__top", "data_title" : "", "value": "Nintendo of America Inc, DB Ret. Plan2"},
                {"td_class" : "tbl_nowrap tbl-td-noborder__top", "data_title" : "Plan Number:", "value": "GQ71972JW DB2"},
                {"td_class" : "tbl-td-noborder__top hide-in-mobile", "data_title" : "", "value": ""},
                {"td_class" : "text-right tbl-mobile-hide", "value": "<a role='button' href='javascript:void(0);' class='sr-only'>Access this plan</a><button type=\"button\" class=\"btn btn-primary btn-short\" aria-hidden=\"true\">VIEW</button>"}
              ]
        },
        {
          "tr_class": "tbl-td-noborder hide-in-mobile",
          "tr_link": true,
          "tr_url": "document.location='test.html'",
          "td": [
                {"td_class" : "", "data_title" : "", "value": ""},
                {"td_class" : "", "data_title" : "Benefit Type:", "value": "<b>Benefit Type:</b>"},
                {"td_class" : "text-right", "data_title" : "Vested:", "value": "<b>Vested</b>"},
                {"td_class" : "text-right", "data_title" : "Accrued:", "value": "<b>Accrued</b>"}
              ]
        },
        {
          "tr_class": "tbl-td-noborder",
          "tr_link": true,
          "tr_url": "document.location='test.html'",
          "td": [
                {"td_class" : "tbl-td-noborder__none hide-in-mobile", "data_title" : "", "value": ""},
                {"td_class" : "tbl-td-noborder__none", "data_title" : "Benefit Type:", "value": "Nintendo Defined Benefit Retirement 2"},
                {"td_class" : "tbl-td-noborder__none text-right", "data_title" : "Vested:", "value": "$10,000.00"},
                {"td_class" : "tbl-td-noborder__none text-right", "data_title" : "Accrued:", "value": "$10,000.00"}
              ]
        },
        {
          "tr_class": "tbl-td-noborder",
          "tr_link": true,
          "tr_url": "document.location='test.html'",
          "td": [
                {"td_class" : "tbl-td-noborder__none hide-in-mobile", "data_title" : "", "value": ""},
                {"td_class" : "tbl-td-noborder__none", "data_title" : "Benefit Type:", "value": "Nintendo Supplemental Retirement Plan 2"},
                {"td_class" : "tbl-td-noborder__none text-right", "data_title" : "Vested:", "value": "$5,000.00"},
                {"td_class" : "tbl-td-noborder__none text-right", "data_title" : "Accrued:","value": "$5,000.00"}
              ]
        }
      ]
    }
  ]
}
