{
	"link-class": "link link--style1__larrow",
	"link-url": "http://www.transamerica.com",
	"link-text": "My Transamerica Products",
	"menus": [
		{"glyph": "glyphicon-envelope"},
		{"glyph": "glyphicon-user"}
		],
	"title": "Select An Account",
	"bodyClass": "home",
	"emergency": false,
	"util_menu": {
		"menu_direction": "vertical",
		"menu_items": [
			{
				"icon": "glyphicon glyphicon-question-sign trs-icons-question",
				"text": "Help",
				"url": "javascript:void(0);"
			},
			{
				"icon": "glyphicon glyphicon-phone-alt trs-icons-phone-ring",
				"text": "Contact Us",
				"url": "tel:18007555801",
				"second_line_class": "trs-utility--light",
				"second_line_text": "1-800-755-5801"
			}
		]
	},
"tables": [{
	"title" : "DEFINED CONTRIBUTION",
	"tbl_class" : "table table-inline",
	"h_th":[
		{"value": "Plan Name"},
		{"value": "Plan Number"},
		{"value": "Plan Balance"},
		{"value": ""}
	],
	"tr" : [{
		"tr_class": "tbl-td-noborder",
		"td" : [
			{"value" : "401 (k) Plan for the Employees Even Longer Line 2 "},
			{"value" : "QA99999 00001"},
			{"value" : "$200,000.20"},
			{"td_class" : "text-right","value" : "<button type=\"button\" class=\"btn btn-primary\">VIEW</button>"}]
		},
		{"tr_class": "tbl-td-noborder",
		"td" : [
			{"value" : "401 (k) Plan for the Employees Even Longer Line 2 "},
			{"value" : "QA99999 00001"},
			{"value" : "$200,000.20"},
			{"td_class" : "text-right","value" : "<button type=\"button\" class=\"btn btn-primary\">VIEW</button>"}
		]}
	]},
	{
	"title" : "DEFINED BENEFIT",
	"tbl_class" : "table table-inline",
	"h_th":[
		{"value": "Plan Name"},
		{"value": "Plan Number"},
		{"th_class" : "text-right","value": "Vested Benefit<sup>*</sup>"},
		{"th_class" : "text-right","value": "Accrued Benefit<sup>*</sup>"}],
	"tr" : [{
		"tr_class": "tbl-td-noborder",
		"td" : [
			{"value" : "401 (k) Plan for the Employees Even Longer Line 1 "},
			{"value" : "QA99999 00001"},
			{"td_class" : "text-right","value" : "$1000.00"},
			{"td_class" : "text-right","value" : "$1000.00"}]
		},
		{
		"tr_class": "tbl-td-noborder",
		"td" : [
			{"value" : "401 (k) Plan for the Employees Even Longer Line 2 "},
			{"value" : "QA99999 00001"},
			{"td_class" : "text-right","value" : "$1000.00"},
			{"td_class" : "text-right","value" : "$1000.00"}]
		}]
	}],
	"loginStatus" : {
		"status_heading" : "Last sign-in:",
		"status_note_1" : "July 9, 2015",
		"status_note_2" : "3:54pm CST"
	},
	"footer" : {
		"contactUs": {
		  "link_class": "btn btn-secondary",
		  "link_url": "tel:8007972643",
		  "link_display": "<span class='glyphicon glyphicon-earphone' role='presentation'></span> 1-800-755-5801",
		  "h_num": "h3",
		  "h_class": "trs-footer__subhead",
		  "h_display": "Contact Us"
		},
	  "socialMedia": {
		  "h_num": "h3",
		  "h_class": "trs-footer__subhead",
		  "h_display": "Follow Us",
		  "social": [
			{
			  "link_class": "btn-social",
			  "link_url": "http://www.facebook.com/transamerica",
			  "social": "fb-c"
			},
			{
			  "link_class": "btn-social",
			  "link_url": "http://www.twitter.com/transamerica",
			  "social": "tw-c"
			},
			{
			  "link_class": "btn-social",
			  "link_url": "http://www.youtube.com/transamerica",
			  "social": "yt-c"
			}
		  ]
		},
	  "onlinePolicies": {
		  "h_num": "h3",
		  "h_class": "trs-footer__subhead",
		  "h_display": "Online policies",
		  "links": [
			{
			  "link-class": "link--style1",
			  "link-url": "",
			  "link-text": "Website Privacy Statement"
			},
			{
			  "link-class": "link--style1",
			  "link-url": "",
			  "link-text": "Terms and Conditions of Use"
			},
			{
			  "link-class": "link--style1",
			  "link-url": "",
			  "link-text": "Business Continuity Plan Summary"
			},
			{
			  "link-class": "link--style1",
			  "link-url": "",
			  "link-text": "Security Measures"
			}
		  ]
		},
	  "disclaimers": {
		  "tisc": "Securities offered by Transamerica Investors Securities Corporation (TISC), 440 Mamaroneck Avenue, Harrison, N.Y. 10528. Transamerica Retirement Solutions Corporation is an affiliate of TISC.",
		  "copyright": "Transamerica companies are part of the worldwide group of AEGON companies. Copyright 2011 - 2014 Transamerica Corporation, 4333 Edgewood Road NE, Cedar Rapids, IA 52499—All Rights Reserved."
		}
	}
}